datetime,real_price,pred_price,date,target_power,actual_power,revenue,cost,profit
2026-04-25 04:45:00,340.0,340.61190000000005,2026-04-25,240,180,15300.0,8100.0,7200.0
2026-04-25 05:00:00,340.0,341.2209,2026-04-25,240,240,20400.0,10800.0,9600.0
2026-04-25 05:15:00,347.0,341.5309,2026-04-25,240,240,20820.0,10800.0,10020.0
2026-04-25 05:30:00,346.0,348.8568000000001,2026-04-25,240,240,20760.0,10800.0,9960.0
2026-04-25 05:45:00,350.0,344.7229000000001,2026-04-25,240,240,21000.0,10800.0,10200.0
2026-04-25 06:00:00,350.0,350.4374,2026-04-25,240,240,21000.0,10800.0,10200.0
2026-04-25 06:15:00,350.0,347.6840000000001,2026-04-25,240,240,21000.0,10800.0,10200.0
2026-04-25 06:30:00,340.0,347.4639000000001,2026-04-25,240,240,20400.0,10800.0,9600.0
2026-04-25 06:45:00,320.0,328.2843000000001,2026-04-25,240,240,19200.0,10800.0,8400.0
2026-04-25 07:00:00,300.0,306.5807,2026-04-25,240,240,18000.0,10800.0,7200.0
2026-04-25 07:15:00,272.0,288.23640000000006,2026-04-25,240,240,16320.0,10800.0,5520.0
2026-04-25 07:30:00,200.0,195.2653,2026-04-25,120,180,9000.0,8100.0,900.0
2026-04-25 07:45:00,0.0,44.5299,2026-04-25,120,120,0.0,5400.0,-5400.0
2026-04-25 08:00:00,0.0,5.06,2026-04-25,120,120,0.0,5400.0,-5400.0
2026-04-25 08:15:00,0.0,0.0,2026-04-25,120,120,0.0,5400.0,-5400.0
2026-04-25 08:30:00,0.0,4.39,2026-04-25,120,120,0.0,5400.0,-5400.0
2026-04-25 08:45:00,0.0,14.53,2026-04-25,120,120,0.0,5400.0,-5400.0
2026-04-25 09:00:00,0.0,0.0,2026-04-25,120,120,0.0,5400.0,-5400.0
2026-04-25 09:15:00,0.0,0.0,2026-04-25,120,120,0.0,5400.0,-5400.0
2026-04-25 09:30:00,0.0,0.0,2026-04-25,120,120,0.0,5400.0,-5400.0
2026-04-25 09:45:00,0.0,0.0,2026-04-25,120,120,0.0,5400.0,-5400.0
2026-04-25 10:00:00,0.0,0.0,2026-04-25,120,120,0.0,5400.0,-5400.0
2026-04-25 10:15:00,0.0,0.0,2026-04-25,120,120,0.0,5400.0,-5400.0
2026-04-25 10:30:00,0.0,0.0,2026-04-25,120,120,0.0,5400.0,-5400.0
2026-04-25 10:45:00,0.0,0.0,2026-04-25,120,120,0.0,5400.0,-5400.0
2026-04-25 11:00:00,0.0,0.0,2026-04-25,120,120,0.0,5400.0,-5400.0
2026-04-25 11:15:00,0.0,0.0,2026-04-25,120,120,0.0,5400.0,-5400.0
2026-04-25 11:30:00,0.0,0.0,2026-04-25,120,120,0.0,5400.0,-5400.0
2026-04-25 11:45:00,0.0,0.0,2026-04-25,120,120,0.0,5400.0,-5400.0
2026-04-25 12:00:00,0.0,0.0,2026-04-25,120,120,0.0,5400.0,-5400.0
2026-04-25 12:15:00,0.0,0.0,2026-04-25,120,120,0.0,5400.0,-5400.0
2026-04-25 12:30:00,0.0,0.0,2026-04-25,120,120,0.0,5400.0,-5400.0
2026-04-25 12:45:00,0.0,0.0,2026-04-25,120,120,0.0,5400.0,-5400.0
2026-04-25 13:00:00,0.0,0.0,2026-04-25,120,120,0.0,5400.0,-5400.0
2026-04-25 13:15:00,0.0,0.0,2026-04-25,120,120,0.0,5400.0,-5400.0
2026-04-25 13:30:00,0.0,0.0,2026-04-25,120,120,0.0,5400.0,-5400.0
2026-04-25 13:45:00,0.0,0.0,2026-04-25,120,120,0.0,5400.0,-5400.0
2026-04-25 14:00:00,0.0,0.0,2026-04-25,120,120,0.0,5400.0,-5400.0
2026-04-25 14:15:00,0.0,0.0,2026-04-25,120,120,0.0,5400.0,-5400.0
2026-04-25 14:30:00,0.0,0.0,2026-04-25,120,120,0.0,5400.0,-5400.0
2026-04-25 14:45:00,0.0,0.0,2026-04-25,120,120,0.0,5400.0,-5400.0
2026-04-25 15:00:00,0.0,0.0,2026-04-25,120,120,0.0,5400.0,-5400.0
2026-04-25 15:15:00,213.0,0.0,2026-04-25,120,120,6390.0,5400.0,990.0
2026-04-25 15:30:00,269.0,262.19109999999995,2026-04-25,240,180,12105.0,8100.0,4005.0
2026-04-25 15:45:00,300.0,292.92720000000014,2026-04-25,240,240,18000.0,10800.0,7200.0
2026-04-25 16:00:00,300.0,301.5168,2026-04-25,240,240,18000.0,10800.0,7200.0
2026-04-25 16:15:00,310.0,311.1075999999998,2026-04-25,240,240,18600.0,10800.0,7800.0
2026-04-25 16:30:00,330.0,331.5709999999999,2026-04-25,240,240,19800.0,10800.0,9000.0
2026-04-25 16:45:00,340.0,341.69110000000006,2026-04-25,240,240,20400.0,10800.0,9600.0
2026-04-25 17:00:00,332.0,346.6741,2026-04-25,240,240,19920.0,10800.0,9120.0
2026-04-25 17:15:00,340.0,324.077,2026-04-25,240,240,20400.0,10800.0,9600.0
2026-04-25 17:30:00,347.0,336.6131,2026-04-25,240,240,20820.0,10800.0,10020.0
2026-04-25 17:45:00,355.0,347.6599999999999,2026-04-25,240,240,21300.0,10800.0,10500.0
2026-04-25 18:00:00,362.0,362.6194999999999,2026-04-25,240,240,21720.0,10800.0,10920.0
2026-04-25 18:15:00,370.0,367.74300000000005,2026-04-25,240,240,22200.0,10800.0,11400.0
2026-04-25 18:30:00,370.0,370.8032,2026-04-25,240,240,22200.0,10800.0,11400.0
2026-04-25 18:45:00,380.0,370.9985,2026-04-25,240,240,22800.0,10800.0,12000.0
2026-04-25 19:00:00,390.0,380.94110000000006,2026-04-25,300,300,29250.0,13500.0,15750.0
2026-04-25 19:15:00,400.0,398.2335,2026-04-25,300,300,30000.0,13500.0,16500.0
2026-04-25 19:30:00,400.0,403.1987999999999,2026-04-25,300,300,30000.0,13500.0,16500.0
2026-04-25 19:45:00,400.0,404.3873,2026-04-25,300,300,30000.0,13500.0,16500.0
2026-04-25 20:00:00,400.0,401.5091000000001,2026-04-25,300,300,30000.0,13500.0,16500.0
2026-04-25 20:15:00,400.0,399.4648,2026-04-25,300,300,30000.0,13500.0,16500.0
2026-04-25 20:30:00,390.0,400.30480000000006,2026-04-25,300,300,29250.0,13500.0,15750.0
2026-04-25 20:45:00,390.0,388.9307,2026-04-25,300,300,29250.0,13500.0,15750.0
2026-04-25 21:00:00,380.0,386.2951000000001,2026-04-25,300,300,28500.0,13500.0,15000.0
2026-04-25 21:15:00,380.0,371.8773000000001,2026-04-25,240,240,22800.0,10800.0,12000.0
2026-04-25 21:30:00,370.0,375.4918,2026-04-25,240,240,22200.0,10800.0,11400.0
2026-04-25 21:45:00,370.0,370.4,2026-04-25,240,240,22200.0,10800.0,11400.0
2026-04-25 22:00:00,370.0,361.23,2026-04-25,240,240,22200.0,10800.0,11400.0
2026-04-25 22:15:00,360.0,362.7769,2026-04-25,240,240,21600.0,10800.0,10800.0
2026-04-25 22:30:00,350.0,354.9556,2026-04-25,240,240,21000.0,10800.0,10200.0
2026-04-25 22:45:00,350.0,345.7239,2026-04-25,240,240,21000.0,10800.0,10200.0
2026-04-25 23:00:00,346.0,343.7783,2026-04-25,240,240,20760.0,10800.0,9960.0
2026-04-25 23:15:00,344.0,333.2222000000001,2026-04-25,240,240,20640.0,10800.0,9840.0
2026-04-25 23:30:00,345.0,338.4492000000001,2026-04-25,240,240,20700.0,10800.0,9900.0
2026-04-25 23:45:00,330.0,342.8296,2026-04-25,240,240,19800.0,10800.0,9000.0
2026-04-26 00:00:00,350.0,336.0831,2026-04-26,240,240,21000.0,10800.0,10200.0
2026-04-26 00:15:00,340.0,341.30410000000006,2026-04-26,240,240,20400.0,10800.0,9600.0
2026-04-26 00:30:00,335.0,329.2492,2026-04-26,240,240,20100.0,10800.0,9300.0
2026-04-26 00:45:00,330.0,331.3079,2026-04-26,240,240,19800.0,10800.0,9000.0
2026-04-26 01:00:00,330.0,329.7660000000001,2026-04-26,240,240,19800.0,10800.0,9000.0
2026-04-26 01:15:00,330.0,327.0056,2026-04-26,240,240,19800.0,10800.0,9000.0
2026-04-26 01:30:00,330.0,326.0957,2026-04-26,240,240,19800.0,10800.0,9000.0
2026-04-26 01:45:00,330.0,324.31,2026-04-26,240,240,19800.0,10800.0,9000.0
2026-04-26 02:00:00,330.0,325.0704,2026-04-26,240,240,19800.0,10800.0,9000.0
2026-04-26 02:15:00,330.0,325.0704,2026-04-26,240,240,19800.0,10800.0,9000.0
2026-04-26 02:30:00,330.0,324.7704,2026-04-26,240,240,19800.0,10800.0,9000.0
2026-04-26 02:45:00,340.0,324.7704,2026-04-26,240,240,20400.0,10800.0,9600.0
2026-04-26 03:00:00,345.0,333.9,2026-04-26,240,240,20700.0,10800.0,9900.0
2026-04-26 03:15:00,350.0,342.0991,2026-04-26,240,240,21000.0,10800.0,10200.0
2026-04-26 03:30:00,350.0,354.3867,2026-04-26,240,240,21000.0,10800.0,10200.0
2026-04-26 03:45:00,358.0,351.1189,2026-04-26,240,240,21480.0,10800.0,10680.0
2026-04-26 04:00:00,360.0,359.49080000000004,2026-04-26,240,240,21600.0,10800.0,10800.0
2026-04-26 04:15:00,360.0,362.4591,2026-04-26,240,240,21600.0,10800.0,10800.0
2026-04-26 04:30:00,370.0,360.8688,2026-04-26,240,240,22200.0,10800.0,11400.0
2026-04-26 04:45:00,370.0,370.39170000000007,2026-04-26,240,240,22200.0,10800.0,11400.0
2026-04-26 05:00:00,370.0,370.1604,2026-04-26,240,240,22200.0,10800.0,11400.0
2026-04-26 05:15:00,380.0,367.2973,2026-04-26,240,240,22800.0,10800.0,12000.0
2026-04-26 05:30:00,390.0,380.36570000000006,2026-04-26,300,300,29250.0,13500.0,15750.0
2026-04-26 05:45:00,390.0,399.6647,2026-04-26,300,300,29250.0,13500.0,15750.0
2026-04-26 06:00:00,390.0,393.45040000000006,2026-04-26,300,300,29250.0,13500.0,15750.0
2026-04-26 06:15:00,390.0,391.2112000000001,2026-04-26,300,300,29250.0,13500.0,15750.0
2026-04-26 06:30:00,382.0,404.3391,2026-04-26,300,300,28650.0,13500.0,15150.0
2026-04-26 06:45:00,375.0,377.4604,2026-04-26,240,240,22500.0,10800.0,11700.0
2026-04-26 07:00:00,370.0,374.0796,2026-04-26,240,240,22200.0,10800.0,11400.0
2026-04-26 07:15:00,360.0,369.6933999999999,2026-04-26,240,240,21600.0,10800.0,10800.0
2026-04-26 07:30:00,355.0,355.334,2026-04-26,240,240,21300.0,10800.0,10500.0
2026-04-26 07:45:00,345.0,344.34,2026-04-26,240,240,20700.0,10800.0,9900.0
2026-04-26 08:00:00,330.0,337.7791,2026-04-26,240,240,19800.0,10800.0,9000.0
2026-04-26 08:15:00,320.0,323.35730000000007,2026-04-26,240,240,19200.0,10800.0,8400.0
2026-04-26 08:30:00,330.0,301.7966,2026-04-26,240,240,19800.0,10800.0,9000.0
2026-04-26 08:45:00,330.0,333.98870000000005,2026-04-26,240,240,19800.0,10800.0,9000.0
2026-04-26 09:00:00,330.0,325.17960000000005,2026-04-26,240,240,19800.0,10800.0,9000.0
2026-04-26 09:15:00,300.0,325.35740000000004,2026-04-26,240,240,18000.0,10800.0,7200.0
2026-04-26 09:30:00,300.0,274.90920000000006,2026-04-26,240,240,18000.0,10800.0,7200.0
2026-04-26 09:45:00,280.0,280.18,2026-04-26,240,240,16800.0,10800.0,6000.0
2026-04-26 10:00:00,256.8,236.0102,2026-04-26,120,180,11556.0,8100.0,3456.0
2026-04-26 10:15:00,243.0,205.4637,2026-04-26,120,120,7290.0,5400.0,1890.0
2026-04-26 10:30:00,73.0,216.4569,2026-04-26,120,120,2190.0,5400.0,-3210.0
2026-04-26 10:45:00,256.0,52.48,2026-04-26,120,120,7680.0,5400.0,2280.0
2026-04-26 11:00:00,280.0,260.16,2026-04-26,240,180,12600.0,8100.0,4500.0
2026-04-26 11:15:00,280.0,281.6,2026-04-26,240,240,16800.0,10800.0,6000.0
2026-04-26 11:30:00,277.11,269.2338,2026-04-26,240,240,16626.600000000002,10800.0,5826.600000000002
2026-04-26 11:45:00,272.0,261.26829999999995,2026-04-26,240,240,16320.0,10800.0,5520.0
2026-04-26 12:00:00,280.0,259.447,2026-04-26,120,180,12600.0,8100.0,4500.0
2026-04-26 12:15:00,288.0,269.3797,2026-04-26,240,240,17280.0,10800.0,6480.0
2026-04-26 12:30:00,288.0,278.206,2026-04-26,240,240,17280.0,10800.0,6480.0
2026-04-26 12:45:00,280.0,287.0635,2026-04-26,240,240,16800.0,10800.0,6000.0
2026-04-26 13:00:00,260.0,271.52,2026-04-26,240,240,15600.0,10800.0,4800.0
2026-04-26 13:15:00,280.0,246.05,2026-04-26,120,180,12600.0,8100.0,4500.0
2026-04-26 13:30:00,282.0,280.97,2026-04-26,240,240,16920.0,10800.0,6120.0
2026-04-26 13:45:00,282.0,278.18,2026-04-26,240,240,16920.0,10800.0,6120.0
2026-04-26 14:00:00,288.0,283.24080000000004,2026-04-26,240,240,17280.0,10800.0,6480.0
2026-04-26 14:15:00,300.0,285.5698,2026-04-26,240,240,18000.0,10800.0,7200.0
2026-04-26 14:30:00,300.0,308.4534,2026-04-26,240,240,18000.0,10800.0,7200.0
2026-04-26 14:45:00,310.0,300.3426,2026-04-26,240,240,18600.0,10800.0,7800.0
2026-04-26 15:00:00,320.0,325.28959999999995,2026-04-26,240,240,19200.0,10800.0,8400.0
2026-04-26 15:15:00,320.0,326.8198999999999,2026-04-26,240,240,19200.0,10800.0,8400.0
2026-04-26 15:30:00,335.0,320.7429,2026-04-26,240,240,20100.0,10800.0,9300.0
2026-04-26 15:45:00,350.0,336.9892,2026-04-26,240,240,21000.0,10800.0,10200.0
2026-04-26 16:00:00,360.0,346.8422000000001,2026-04-26,240,240,21600.0,10800.0,10800.0
2026-04-26 16:15:00,370.0,365.3722000000001,2026-04-26,240,240,22200.0,10800.0,11400.0
2026-04-26 16:30:00,382.0,375.2583,2026-04-26,240,240,22920.0,10800.0,12120.0
2026-04-26 16:45:00,390.0,388.5694000000001,2026-04-26,300,300,29250.0,13500.0,15750.0
2026-04-26 17:00:00,390.0,395.5886,2026-04-26,300,300,29250.0,13500.0,15750.0
2026-04-26 17:15:00,400.0,395.2740000000001,2026-04-26,300,300,30000.0,13500.0,16500.0
2026-04-26 17:30:00,400.0,403.89,2026-04-26,300,300,30000.0,13500.0,16500.0
2026-04-26 17:45:00,400.0,405.745,2026-04-26,300,300,30000.0,13500.0,16500.0
2026-04-26 18:00:00,400.0,403.995,2026-04-26,300,300,30000.0,13500.0,16500.0
2026-04-26 18:15:00,400.0,402.07,2026-04-26,300,300,30000.0,13500.0,16500.0
2026-04-26 18:30:00,410.0,403.2,2026-04-26,300,300,30750.0,13500.0,17250.0
2026-04-26 18:45:00,410.0,411.8204,2026-04-26,300,300,30750.0,13500.0,17250.0
2026-04-26 19:00:00,417.0,414.59,2026-04-26,300,300,31275.0,13500.0,17775.0
2026-04-26 19:15:00,420.0,422.01,2026-04-26,350,350,36750.0,15750.0,21000.0
2026-04-26 19:30:00,420.0,421.11,2026-04-26,350,350,36750.0,15750.0,21000.0
2026-04-26 19:45:00,413.0,420.26,2026-04-26,350,350,36137.5,15750.0,20387.5
2026-04-26 20:00:00,410.0,410.9276,2026-04-26,300,300,30750.0,13500.0,17250.0
2026-04-26 20:15:00,401.0,407.2523000000001,2026-04-26,300,300,30075.0,13500.0,16575.0
2026-04-26 20:30:00,400.0,395.28,2026-04-26,300,300,30000.0,13500.0,16500.0
2026-04-26 20:45:00,380.0,396.5842,2026-04-26,300,300,28500.0,13500.0,15000.0
2026-04-26 21:00:00,371.0,379.5925,2026-04-26,240,240,22260.0,10800.0,11460.0
2026-04-26 21:15:00,370.0,366.1231,2026-04-26,240,240,22200.0,10800.0,11400.0
2026-04-26 21:30:00,366.0,365.5923,2026-04-26,240,240,21960.0,10800.0,11160.0
2026-04-26 21:45:00,360.0,361.9978,2026-04-26,240,240,21600.0,10800.0,10800.0
2026-04-26 22:00:00,370.0,355.43090000000007,2026-04-26,240,240,22200.0,10800.0,11400.0
2026-04-26 22:15:00,360.0,366.3519,2026-04-26,240,240,21600.0,10800.0,10800.0
2026-04-26 22:30:00,350.0,355.18680000000006,2026-04-26,240,240,21000.0,10800.0,10200.0
2026-04-26 22:45:00,346.0,348.936,2026-04-26,240,240,20760.0,10800.0,9960.0
2026-04-26 23:00:00,332.0,334.7814,2026-04-26,240,240,19920.0,10800.0,9120.0
2026-04-26 23:15:00,320.0,322.3281,2026-04-26,240,240,19200.0,10800.0,8400.0
2026-04-26 23:30:00,300.0,305.6582,2026-04-26,240,240,18000.0,10800.0,7200.0
2026-04-26 23:45:00,300.0,288.60940000000005,2026-04-26,240,240,18000.0,10800.0,7200.0
2026-04-27 00:00:00,350.0,286.0865,2026-04-27,240,240,21000.0,10800.0,10200.0
2026-04-27 00:15:00,335.0,325.64300000000003,2026-04-27,240,240,20100.0,10800.0,9300.0
2026-04-27 00:30:00,330.0,318.72090000000003,2026-04-27,240,240,19800.0,10800.0,9000.0
2026-04-27 00:45:00,329.0,325.99620000000004,2026-04-27,240,240,19740.0,10800.0,8940.0
2026-04-27 01:00:00,330.0,327.5837,2026-04-27,240,240,19800.0,10800.0,9000.0
2026-04-27 01:15:00,320.0,333.8942,2026-04-27,240,240,19200.0,10800.0,8400.0
2026-04-27 01:30:00,317.0,318.45,2026-04-27,240,240,19020.0,10800.0,8220.0
2026-04-27 01:45:00,302.0,316.2565,2026-04-27,240,240,18120.0,10800.0,7320.0
2026-04-27 02:00:00,300.0,302.24,2026-04-27,240,240,18000.0,10800.0,7200.0
2026-04-27 02:15:00,300.0,294.79,2026-04-27,240,240,18000.0,10800.0,7200.0
2026-04-27 02:30:00,300.0,293.02,2026-04-27,240,240,18000.0,10800.0,7200.0
2026-04-27 02:45:00,298.0,295.83,2026-04-27,240,240,17880.0,10800.0,7080.0
2026-04-27 03:00:00,298.0,290.2,2026-04-27,240,240,17880.0,10800.0,7080.0
2026-04-27 03:15:00,295.0,289.69,2026-04-27,240,240,17700.0,10800.0,6900.0
2026-04-27 03:30:00,290.0,284.33,2026-04-27,240,240,17400.0,10800.0,6600.0
2026-04-27 03:45:00,290.0,280.42,2026-04-27,240,240,17400.0,10800.0,6600.0
2026-04-27 04:00:00,294.0,293.535,2026-04-27,240,240,17640.0,10800.0,6840.0
2026-04-27 04:15:00,290.0,299.915,2026-04-27,240,240,17400.0,10800.0,6600.0
2026-04-27 04:30:00,288.0,277.9,2026-04-27,240,240,17280.0,10800.0,6480.0
2026-04-27 04:45:00,290.0,279.215,2026-04-27,240,240,17400.0,10800.0,6600.0
2026-04-27 05:00:00,295.0,297.7,2026-04-27,240,240,17700.0,10800.0,6900.0
2026-04-27 05:15:00,300.0,303.65,2026-04-27,240,240,18000.0,10800.0,7200.0
2026-04-27 05:30:00,317.0,304.7892,2026-04-27,240,240,19020.0,10800.0,8220.0
2026-04-27 05:45:00,330.0,328.1901,2026-04-27,240,240,19800.0,10800.0,9000.0
2026-04-27 06:00:00,335.0,341.27880000000005,2026-04-27,240,240,20100.0,10800.0,9300.0
2026-04-27 06:15:00,340.0,341.6756,2026-04-27,240,240,20400.0,10800.0,9600.0
2026-04-27 06:30:00,340.0,340.3836,2026-04-27,240,240,20400.0,10800.0,9600.0
2026-04-27 06:45:00,335.0,340.94050000000004,2026-04-27,240,240,20100.0,10800.0,9300.0
2026-04-27 07:00:00,330.0,331.2279000000001,2026-04-27,240,240,19800.0,10800.0,9000.0
2026-04-27 07:15:00,317.0,327.36190000000005,2026-04-27,240,240,19020.0,10800.0,8220.0
2026-04-27 07:30:00,300.0,302.42,2026-04-27,240,240,18000.0,10800.0,7200.0
2026-04-27 07:45:00,294.0,296.6232,2026-04-27,240,240,17640.0,10800.0,6840.0
2026-04-27 08:00:00,275.0,267.7294,2026-04-27,240,240,16500.0,10800.0,5700.0
2026-04-27 08:15:00,238.0,220.3986,2026-04-27,120,180,10710.0,8100.0,2610.0
2026-04-27 08:30:00,225.0,104.27330000000002,2026-04-27,120,120,6750.0,5400.0,1350.0
2026-04-27 08:45:00,223.0,66.38380000000001,2026-04-27,120,120,6690.0,5400.0,1290.0
2026-04-27 09:00:00,238.0,74.76,2026-04-27,120,120,7140.0,5400.0,1740.0
2026-04-27 09:15:00,0.0,255.39,2026-04-27,120,120,0.0,5400.0,-5400.0
2026-04-27 09:30:00,0.0,64.61,2026-04-27,120,120,0.0,5400.0,-5400.0
2026-04-27 09:45:00,0.0,21.94,2026-04-27,120,120,0.0,5400.0,-5400.0
2026-04-27 10:00:00,0.0,24.44,2026-04-27,120,120,0.0,5400.0,-5400.0
2026-04-27 10:15:00,0.0,0.0,2026-04-27,120,120,0.0,5400.0,-5400.0
2026-04-27 10:30:00,0.0,0.0,2026-04-27,120,120,0.0,5400.0,-5400.0
2026-04-27 10:45:00,0.0,0.0,2026-04-27,120,120,0.0,5400.0,-5400.0
2026-04-27 11:00:00,0.0,0.0,2026-04-27,120,120,0.0,5400.0,-5400.0
2026-04-27 11:15:00,0.0,0.0,2026-04-27,120,120,0.0,5400.0,-5400.0
2026-04-27 11:30:00,0.0,0.0,2026-04-27,120,120,0.0,5400.0,-5400.0
2026-04-27 11:45:00,0.0,0.0,2026-04-27,120,120,0.0,5400.0,-5400.0
2026-04-27 12:00:00,0.0,2.0,2026-04-27,120,120,0.0,5400.0,-5400.0
2026-04-27 12:15:00,0.0,2.0,2026-04-27,120,120,0.0,5400.0,-5400.0
2026-04-27 12:30:00,0.0,2.53,2026-04-27,120,120,0.0,5400.0,-5400.0
2026-04-27 12:45:00,0.0,2.53,2026-04-27,120,120,0.0,5400.0,-5400.0
2026-04-27 13:00:00,0.0,2.0,2026-04-27,120,120,0.0,5400.0,-5400.0
2026-04-27 13:15:00,0.0,2.0,2026-04-27,120,120,0.0,5400.0,-5400.0
2026-04-27 13:30:00,0.0,2.0,2026-04-27,120,120,0.0,5400.0,-5400.0
2026-04-27 13:45:00,0.0,2.0,2026-04-27,120,120,0.0,5400.0,-5400.0
2026-04-27 14:00:00,0.0,2.0,2026-04-27,120,120,0.0,5400.0,-5400.0
2026-04-27 14:15:00,0.0,2.0,2026-04-27,120,120,0.0,5400.0,-5400.0
2026-04-27 14:30:00,0.0,0.0,2026-04-27,120,120,0.0,5400.0,-5400.0
2026-04-27 14:45:00,0.0,0.0,2026-04-27,120,120,0.0,5400.0,-5400.0
2026-04-27 15:00:00,0.0,0.0,2026-04-27,120,120,0.0,5400.0,-5400.0
2026-04-27 15:15:00,0.0,5.8728,2026-04-27,120,120,0.0,5400.0,-5400.0
2026-04-27 15:30:00,0.0,5.8728,2026-04-27,120,120,0.0,5400.0,-5400.0
2026-04-27 15:45:00,260.0,58.741600000000005,2026-04-27,120,120,7800.0,5400.0,2400.0
2026-04-27 16:00:00,280.0,284.806,2026-04-27,240,180,12600.0,8100.0,4500.0
2026-04-27 16:15:00,300.0,293.9268,2026-04-27,240,240,18000.0,10800.0,7200.0
2026-04-27 16:30:00,320.0,303.2166,2026-04-27,240,240,19200.0,10800.0,8400.0
2026-04-27 16:45:00,335.0,343.77,2026-04-27,240,240,20100.0,10800.0,9300.0
2026-04-27 17:00:00,344.0,351.2107000000001,2026-04-27,240,240,20640.0,10800.0,9840.0
2026-04-27 17:15:00,350.0,347.76129999999995,2026-04-27,240,240,21000.0,10800.0,10200.0
2026-04-27 17:30:00,360.0,360.231,2026-04-27,240,240,21600.0,10800.0,10800.0
2026-04-27 17:45:00,370.0,370.3256,2026-04-27,240,240,22200.0,10800.0,11400.0
2026-04-27 18:00:00,370.0,375.2471,2026-04-27,240,240,22200.0,10800.0,11400.0
2026-04-27 18:15:00,380.0,373.1119333333333,2026-04-27,240,240,22800.0,10800.0,12000.0
2026-04-27 18:30:00,390.0,384.3734,2026-04-27,300,300,29250.0,13500.0,15750.0
2026-04-27 18:45:00,400.0,397.5412,2026-04-27,300,300,30000.0,13500.0,16500.0
2026-04-27 19:00:00,410.0,402.4617999999999,2026-04-27,300,300,30750.0,13500.0,17250.0
2026-04-27 19:15:00,415.0,409.8300999999999,2026-04-27,300,300,31125.0,13500.0,17625.0
2026-04-27 19:30:00,420.0,420.4055,2026-04-27,350,350,36750.0,15750.0,21000.0
2026-04-27 19:45:00,420.0,425.99,2026-04-27,350,350,36750.0,15750.0,21000.0
2026-04-27 20:00:00,420.0,422.38,2026-04-27,350,350,36750.0,15750.0,21000.0
2026-04-27 20:15:00,420.0,420.63,2026-04-27,350,350,36750.0,15750.0,21000.0
2026-04-27 20:30:00,410.0,419.72,2026-04-27,300,300,30750.0,13500.0,17250.0
2026-04-27 20:45:00,410.0,408.26,2026-04-27,300,300,30750.0,13500.0,17250.0
2026-04-27 21:00:00,401.0,407.78,2026-04-27,300,300,30075.0,13500.0,16575.0
2026-04-27 21:15:00,400.0,398.22,2026-04-27,300,300,30000.0,13500.0,16500.0
2026-04-27 21:30:00,400.0,395.8292,2026-04-27,300,300,30000.0,13500.0,16500.0
2026-04-27 21:45:00,400.0,397.9997,2026-04-27,300,300,30000.0,13500.0,16500.0
2026-04-27 22:00:00,392.0,394.16,2026-04-27,300,300,29400.0,13500.0,15900.0
2026-04-27 22:15:00,390.0,388.266,2026-04-27,300,300,29250.0,13500.0,15750.0
2026-04-27 22:30:00,380.0,385.1836999999998,2026-04-27,300,300,28500.0,13500.0,15000.0
2026-04-27 22:45:00,370.0,375.8665000000001,2026-04-27,240,240,22200.0,10800.0,11400.0
2026-04-27 23:00:00,370.0,368.27240000000006,2026-04-27,240,240,22200.0,10800.0,11400.0
2026-04-27 23:15:00,370.0,362.1128,2026-04-27,240,240,22200.0,10800.0,11400.0
2026-04-27 23:30:00,370.0,361.94,2026-04-27,240,240,22200.0,10800.0,11400.0
2026-04-27 23:45:00,370.0,365.1085999999999,2026-04-27,240,240,22200.0,10800.0,11400.0
2026-04-28 00:00:00,380.0,373.78833333333336,2026-04-28,240,240,22800.0,10800.0,12000.0
2026-04-28 00:15:00,380.0,381.55230000000006,2026-04-28,300,300,28500.0,13500.0,15000.0
2026-04-28 00:30:00,380.0,384.36,2026-04-28,300,300,28500.0,13500.0,15000.0
2026-04-28 00:45:00,380.0,382.1,2026-04-28,300,300,28500.0,13500.0,15000.0
2026-04-28 01:00:00,380.0,377.36,2026-04-28,240,240,22800.0,10800.0,12000.0
2026-04-28 01:15:00,380.0,376.86,2026-04-28,240,240,22800.0,10800.0,12000.0
2026-04-28 01:30:00,380.0,377.36,2026-04-28,240,240,22800.0,10800.0,12000.0
2026-04-28 01:45:00,380.0,377.36,2026-04-28,240,240,22800.0,10800.0,12000.0
2026-04-28 02:00:00,380.0,375.33,2026-04-28,240,240,22800.0,10800.0,12000.0
2026-04-28 02:15:00,370.0,375.21,2026-04-28,240,240,22200.0,10800.0,11400.0
2026-04-28 02:30:00,370.0,368.8826,2026-04-28,240,240,22200.0,10800.0,11400.0
2026-04-28 02:45:00,370.0,368.655,2026-04-28,240,240,22200.0,10800.0,11400.0
2026-04-28 03:00:00,370.0,366.735,2026-04-28,240,240,22200.0,10800.0,11400.0
2026-04-28 03:15:00,362.0,367.995,2026-04-28,240,240,21720.0,10800.0,10920.0
2026-04-28 03:30:00,362.0,360.5813,2026-04-28,240,240,21720.0,10800.0,10920.0
2026-04-28 03:45:00,362.0,360.5814,2026-04-28,240,240,21720.0,10800.0,10920.0
2026-04-28 04:00:00,362.0,361.3012000000001,2026-04-28,240,240,21720.0,10800.0,10920.0
2026-04-28 04:15:00,362.0,361.8821,2026-04-28,240,240,21720.0,10800.0,10920.0
2026-04-28 04:30:00,362.0,362.0974,2026-04-28,240,240,21720.0,10800.0,10920.0
2026-04-28 04:45:00,362.0,362.0974,2026-04-28,240,240,21720.0,10800.0,10920.0
2026-04-28 05:00:00,370.0,362.2474,2026-04-28,240,240,22200.0,10800.0,11400.0
2026-04-28 05:15:00,370.0,370.4728999999999,2026-04-28,240,240,22200.0,10800.0,11400.0
2026-04-28 05:30:00,370.0,370.51973333333336,2026-04-28,240,240,22200.0,10800.0,11400.0
2026-04-28 05:45:00,380.0,370.2159333333334,2026-04-28,240,240,22800.0,10800.0,12000.0
2026-04-28 06:00:00,380.0,381.5718,2026-04-28,300,300,28500.0,13500.0,15000.0
2026-04-28 06:15:00,380.0,384.01,2026-04-28,300,300,28500.0,13500.0,15000.0
2026-04-28 06:30:00,370.0,383.6,2026-04-28,300,300,27750.0,13500.0,14250.0
2026-04-28 06:45:00,370.0,368.7307,2026-04-28,240,240,22200.0,10800.0,11400.0
2026-04-28 07:00:00,360.0,365.6014333333333,2026-04-28,240,240,21600.0,10800.0,10800.0
2026-04-28 07:15:00,350.0,355.52,2026-04-28,240,240,21000.0,10800.0,10200.0
2026-04-28 07:30:00,330.0,344.04,2026-04-28,240,240,19800.0,10800.0,9000.0
2026-04-28 07:45:00,310.0,309.608,2026-04-28,240,240,18600.0,10800.0,7800.0
2026-04-28 08:00:00,300.0,292.93710000000004,2026-04-28,240,240,18000.0,10800.0,7200.0
2026-04-28 08:15:00,300.0,285.2812000000001,2026-04-28,240,240,18000.0,10800.0,7200.0
2026-04-28 08:30:00,300.0,287.11,2026-04-28,240,240,18000.0,10800.0,7200.0
2026-04-28 08:45:00,300.0,282.09,2026-04-28,240,240,18000.0,10800.0,7200.0
2026-04-28 09:00:00,300.0,292.1809523809524,2026-04-28,240,240,18000.0,10800.0,7200.0
2026-04-28 09:15:00,300.0,292.8542857142857,2026-04-28,240,240,18000.0,10800.0,7200.0
2026-04-28 09:30:00,272.0,290.04,2026-04-28,240,240,16320.0,10800.0,5520.0
2026-04-28 09:45:00,223.0,214.8537,2026-04-28,120,180,10035.0,8100.0,1935.0
2026-04-28 10:00:00,0.0,92.91,2026-04-28,120,120,0.0,5400.0,-5400.0
2026-04-28 10:15:00,0.0,2.53,2026-04-28,120,120,0.0,5400.0,-5400.0
2026-04-28 10:30:00,0.0,0.0,2026-04-28,120,120,0.0,5400.0,-5400.0
2026-04-28 10:45:00,150.0,0.0,2026-04-28,120,120,4500.0,5400.0,-900.0
2026-04-28 11:00:00,260.0,199.21,2026-04-28,120,120,7800.0,5400.0,2400.0
2026-04-28 11:15:00,250.0,247.7138,2026-04-28,120,120,7500.0,5400.0,2100.0
2026-04-28 11:30:00,243.0,243.34,2026-04-28,120,120,7290.0,5400.0,1890.0
2026-04-28 11:45:00,223.0,218.6929,2026-04-28,120,120,6690.0,5400.0,1290.0
2026-04-28 12:00:00,238.0,160.09,2026-04-28,120,120,7140.0,5400.0,1740.0
2026-04-28 12:15:00,250.0,257.12,2026-04-28,120,120,7500.0,5400.0,2100.0
2026-04-28 12:30:00,250.0,256.9738,2026-04-28,120,120,7500.0,5400.0,2100.0
2026-04-28 12:45:00,250.0,247.8976,2026-04-28,120,120,7500.0,5400.0,2100.0
2026-04-28 13:00:00,200.0,250.4976,2026-04-28,120,120,6000.0,5400.0,600.0
2026-04-28 13:15:00,186.0,193.74,2026-04-28,120,120,5580.0,5400.0,180.0
2026-04-28 13:30:00,0.0,75.93,2026-04-28,120,120,0.0,5400.0,-5400.0
2026-04-28 13:45:00,186.0,27.97,2026-04-28,120,120,5580.0,5400.0,180.0
2026-04-28 14:00:00,0.0,263.6711,2026-04-28,240,180,0.0,8100.0,-8100.0
2026-04-28 14:15:00,238.0,115.2838,2026-04-28,120,120,7140.0,5400.0,1740.0
2026-04-28 14:30:00,233.0,271.1938,2026-04-28,240,180,10485.0,8100.0,2385.0
2026-04-28 14:45:00,250.0,193.0438,2026-04-28,120,120,7500.0,5400.0,2100.0
2026-04-28 15:00:00,280.0,276.9508,2026-04-28,240,180,12600.0,8100.0,4500.0
2026-04-28 15:15:00,288.0,292.481,2026-04-28,240,240,17280.0,10800.0,6480.0
2026-04-28 15:30:00,300.0,295.62,2026-04-28,240,240,18000.0,10800.0,7200.0
2026-04-28 15:45:00,302.0,307.5226,2026-04-28,240,240,18120.0,10800.0,7320.0
2026-04-28 16:00:00,329.0,314.6296,2026-04-28,240,240,19740.0,10800.0,8940.0
2026-04-28 16:15:00,340.0,344.2111,2026-04-28,240,240,20400.0,10800.0,9600.0
2026-04-28 16:30:00,350.0,347.6779000000001,2026-04-28,240,240,21000.0,10800.0,10200.0
2026-04-28 16:45:00,360.0,360.0672999999999,2026-04-28,240,240,21600.0,10800.0,10800.0
2026-04-28 17:00:00,361.98,370.223,2026-04-28,240,240,21718.800000000003,10800.0,10918.800000000003
2026-04-28 17:15:00,368.4,366.7692,2026-04-28,240,240,22104.0,10800.0,11304.0
2026-04-28 17:30:00,369.15,371.5733,2026-04-28,240,240,22149.0,10800.0,11349.0
2026-04-28 17:45:00,382.52,372.9681333333333,2026-04-28,240,240,22951.199999999997,10800.0,12151.199999999997
2026-04-28 18:00:00,388.08,388.9969000000001,2026-04-28,300,300,29106.0,13500.0,15606.0
2026-04-28 18:15:00,397.28,395.8628,2026-04-28,300,300,29795.999999999996,13500.0,16295.999999999996
2026-04-28 18:30:00,400.0,400.3728,2026-04-28,300,300,30000.0,13500.0,16500.0
2026-04-28 18:45:00,410.0,406.7901,2026-04-28,300,300,30750.0,13500.0,17250.0
2026-04-28 19:00:00,415.0,409.9714,2026-04-28,300,300,31125.0,13500.0,17625.0
2026-04-28 19:15:00,417.0,420.1295,2026-04-28,350,350,36487.5,15750.0,20737.5
2026-04-28 19:30:00,417.0,421.8376,2026-04-28,350,350,36487.5,15750.0,20737.5
2026-04-28 19:45:00,420.0,422.5276,2026-04-28,350,350,36750.0,15750.0,21000.0
2026-04-28 20:00:00,420.0,421.78,2026-04-28,350,350,36750.0,15750.0,21000.0
2026-04-28 20:15:00,420.0,420.35,2026-04-28,350,350,36750.0,15750.0,21000.0
2026-04-28 20:30:00,420.0,418.93,2026-04-28,300,300,31500.0,13500.0,18000.0
2026-04-28 20:45:00,420.0,417.87,2026-04-28,300,300,31500.0,13500.0,18000.0
2026-04-28 21:00:00,413.0,415.83,2026-04-28,300,300,30975.0,13500.0,17475.0
2026-04-28 21:15:00,410.0,410.9,2026-04-28,300,300,30750.0,13500.0,17250.0
2026-04-28 21:30:00,410.0,407.54,2026-04-28,300,300,30750.0,13500.0,17250.0
2026-04-28 21:45:00,410.0,407.01,2026-04-28,300,300,30750.0,13500.0,17250.0
2026-04-28 22:00:00,401.0,404.47,2026-04-28,300,300,30075.0,13500.0,16575.0
2026-04-28 22:15:00,400.0,399.58,2026-04-28,300,300,30000.0,13500.0,16500.0
2026-04-28 22:30:00,390.0,394.5594,2026-04-28,300,300,29250.0,13500.0,15750.0
2026-04-28 22:45:00,390.0,383.2488,2026-04-28,300,300,29250.0,13500.0,15750.0
2026-04-28 23:00:00,380.0,385.7,2026-04-28,300,300,28500.0,13500.0,15000.0
2026-04-28 23:15:00,380.0,377.0852,2026-04-28,240,240,22800.0,10800.0,12000.0
2026-04-28 23:30:00,370.0,378.7951000000001,2026-04-28,240,240,22200.0,10800.0,11400.0
2026-04-28 23:45:00,370.0,369.2852,2026-04-28,240,240,22200.0,10800.0,11400.0
2026-04-29 00:00:00,370.0,370.69,2026-04-29,240,240,22200.0,10800.0,11400.0
2026-04-29 00:15:00,371.0,370.51,2026-04-29,240,240,22260.0,10800.0,11460.0
2026-04-29 00:30:00,371.0,373.4569,2026-04-29,240,240,22260.0,10800.0,11460.0
2026-04-29 00:45:00,370.0,374.189,2026-04-29,240,240,22200.0,10800.0,11400.0
2026-04-29 01:00:00,370.0,366.3285000000001,2026-04-29,240,240,22200.0,10800.0,11400.0
2026-04-29 01:15:00,370.0,364.35,2026-04-29,240,240,22200.0,10800.0,11400.0
2026-04-29 01:30:00,370.0,364.15,2026-04-29,240,240,22200.0,10800.0,11400.0
2026-04-29 01:45:00,370.0,364.7425,2026-04-29,240,240,22200.0,10800.0,11400.0
2026-04-29 02:00:00,370.0,364.9825,2026-04-29,240,240,22200.0,10800.0,11400.0
2026-04-29 02:15:00,370.0,364.9825,2026-04-29,240,240,22200.0,10800.0,11400.0
2026-04-29 02:30:00,362.0,365.9275,2026-04-29,240,240,21720.0,10800.0,10920.0
2026-04-29 02:45:00,360.0,359.92,2026-04-29,240,240,21600.0,10800.0,10800.0
2026-04-29 03:00:00,360.0,359.025,2026-04-29,240,240,21600.0,10800.0,10800.0
2026-04-29 03:15:00,360.0,358.76,2026-04-29,240,240,21600.0,10800.0,10800.0
2026-04-29 03:30:00,360.0,358.6705,2026-04-29,240,240,21600.0,10800.0,10800.0
2026-04-29 03:45:00,360.0,359.6705,2026-04-29,240,240,21600.0,10800.0,10800.0
2026-04-29 04:00:00,360.0,360.27,2026-04-29,240,240,21600.0,10800.0,10800.0
2026-04-29 04:15:00,362.0,360.27,2026-04-29,240,240,21720.0,10800.0,10920.0
2026-04-29 04:30:00,370.0,363.4654,2026-04-29,240,240,22200.0,10800.0,11400.0
2026-04-29 04:45:00,370.0,369.75999999999993,2026-04-29,240,240,22200.0,10800.0,11400.0
2026-04-29 05:00:00,370.0,369.8317333333333,2026-04-29,240,240,22200.0,10800.0,11400.0
2026-04-29 05:15:00,370.0,368.3528333333333,2026-04-29,240,240,22200.0,10800.0,11400.0
2026-04-29 05:30:00,380.0,368.11,2026-04-29,240,240,22800.0,10800.0,12000.0
2026-04-29 05:45:00,380.0,381.3358,2026-04-29,300,300,28500.0,13500.0,15000.0
2026-04-29 06:00:00,380.0,383.3,2026-04-29,300,300,28500.0,13500.0,15000.0
2026-04-29 06:15:00,370.0,383.12,2026-04-29,300,300,27750.0,13500.0,14250.0
2026-04-29 06:30:00,370.0,369.2875000000001,2026-04-29,240,240,22200.0,10800.0,11400.0
2026-04-29 06:45:00,360.0,366.86783333333335,2026-04-29,240,240,21600.0,10800.0,10800.0
2026-04-29 07:00:00,347.0,355.8,2026-04-29,240,240,20820.0,10800.0,10020.0
2026-04-29 07:15:00,330.0,340.43,2026-04-29,240,240,19800.0,10800.0,9000.0
2026-04-29 07:30:00,310.0,316.1600000000001,2026-04-29,240,240,18600.0,10800.0,7800.0
2026-04-29 07:45:00,300.0,293.17710000000005,2026-04-29,240,240,18000.0,10800.0,7200.0
2026-04-29 08:00:00,290.0,287.3612000000001,2026-04-29,240,240,17400.0,10800.0,6600.0
2026-04-29 08:15:00,288.0,277.76623333333333,2026-04-29,240,240,17280.0,10800.0,6480.0
2026-04-29 08:30:00,282.0,262.96,2026-04-29,240,240,16920.0,10800.0,6120.0
2026-04-29 08:45:00,280.0,274.35380000000004,2026-04-29,240,240,16800.0,10800.0,6000.0
2026-04-29 09:00:00,280.0,270.2243,2026-04-29,240,240,16800.0,10800.0,6000.0
2026-04-29 09:15:00,250.0,271.8573,2026-04-29,240,240,15000.0,10800.0,4200.0
2026-04-29 09:30:00,186.0,228.1612,2026-04-29,120,180,8370.0,8100.0,270.0
2026-04-29 09:45:00,0.0,66.41,2026-04-29,120,120,0.0,5400.0,-5400.0
2026-04-29 10:00:00,0.0,7.56,2026-04-29,120,120,0.0,5400.0,-5400.0
2026-04-29 10:15:00,0.0,0.0,2026-04-29,120,120,0.0,5400.0,-5400.0
2026-04-29 10:30:00,0.0,11.16,2026-04-29,120,120,0.0,5400.0,-5400.0
2026-04-29 10:45:00,0.0,0.0,2026-04-29,120,120,0.0,5400.0,-5400.0
2026-04-29 11:00:00,0.0,18.33333333333333,2026-04-29,120,120,0.0,5400.0,-5400.0
2026-04-29 11:15:00,0.0,0.0,2026-04-29,120,120,0.0,5400.0,-5400.0
2026-04-29 11:30:00,0.0,0.0,2026-04-29,120,120,0.0,5400.0,-5400.0
2026-04-29 11:45:00,0.0,0.0,2026-04-29,120,120,0.0,5400.0,-5400.0
2026-04-29 12:00:00,0.0,18.52380952380953,2026-04-29,120,120,0.0,5400.0,-5400.0
2026-04-29 12:15:00,223.0,13.857142857142858,2026-04-29,120,120,6690.0,5400.0,1290.0
2026-04-29 12:30:00,220.0,219.6473,2026-04-29,120,120,6600.0,5400.0,1200.0
2026-04-29 12:45:00,223.0,226.1032,2026-04-29,120,120,6690.0,5400.0,1290.0
2026-04-29 13:00:00,0.0,240.1338,2026-04-29,120,120,0.0,5400.0,-5400.0
2026-04-29 13:15:00,0.0,136.8338,2026-04-29,120,120,0.0,5400.0,-5400.0
2026-04-29 13:30:00,0.0,47.69,2026-04-29,120,120,0.0,5400.0,-5400.0
2026-04-29 13:45:00,186.0,69.26,2026-04-29,120,120,5580.0,5400.0,180.0
2026-04-29 14:00:00,200.0,249.9338,2026-04-29,120,120,6000.0,5400.0,600.0
2026-04-29 14:15:00,256.0,262.5042000000001,2026-04-29,240,180,11520.0,8100.0,3420.0
2026-04-29 14:30:00,282.0,268.3918000000001,2026-04-29,240,240,16920.0,10800.0,6120.0
2026-04-29 14:45:00,300.0,292.4035,2026-04-29,240,240,18000.0,10800.0,7200.0
2026-04-29 15:00:00,300.0,299.9,2026-04-29,240,240,18000.0,10800.0,7200.0
2026-04-29 15:15:00,320.0,308.2644,2026-04-29,240,240,19200.0,10800.0,8400.0
2026-04-29 15:30:00,330.0,335.7223,2026-04-29,240,240,19800.0,10800.0,9000.0
2026-04-29 15:45:00,340.0,342.38270000000006,2026-04-29,240,240,20400.0,10800.0,9600.0
2026-04-29 16:00:00,350.0,348.68410000000006,2026-04-29,240,240,21000.0,10800.0,10200.0
2026-04-29 16:15:00,360.0,359.4648999999999,2026-04-29,240,240,21600.0,10800.0,10800.0
2026-04-29 16:30:00,370.0,370.3389,2026-04-29,240,240,22200.0,10800.0,11400.0
2026-04-29 16:45:00,380.0,375.82,2026-04-29,240,240,22800.0,10800.0,12000.0
2026-04-29 17:00:00,390.0,386.8901000000001,2026-04-29,300,300,29250.0,13500.0,15750.0
2026-04-29 17:15:00,395.0,395.0556,2026-04-29,300,300,29625.0,13500.0,16125.0
2026-04-29 17:30:00,400.0,399.9801,2026-04-29,300,300,30000.0,13500.0,16500.0
2026-04-29 17:45:00,415.0,406.4008,2026-04-29,300,300,31125.0,13500.0,17625.0
2026-04-29 18:00:00,430.0,414.4371,2026-04-29,300,300,32250.0,13500.0,18750.0
2026-04-29 18:15:00,440.0,432.1089999999999,2026-04-29,350,350,38500.0,15750.0,22750.0
2026-04-29 18:30:00,450.0,452.58,2026-04-29,350,350,39375.0,15750.0,23625.0
2026-04-29 18:45:00,460.0,466.23,2026-04-29,350,350,40250.0,15750.0,24500.0
2026-04-29 19:00:00,490.0,469.6,2026-04-29,350,350,42875.0,15750.0,27125.0
2026-04-29 19:15:00,500.0,489.87,2026-04-29,350,350,43750.0,15750.0,28000.0
2026-04-29 19:30:00,500.0,490.79,2026-04-29,350,350,43750.0,15750.0,28000.0
2026-04-29 19:45:00,500.0,479.88,2026-04-29,350,350,43750.0,15750.0,28000.0
2026-04-29 20:00:00,500.0,471.2480000000001,2026-04-29,350,350,43750.0,15750.0,28000.0
2026-04-29 20:15:00,490.0,469.098,2026-04-29,350,350,42875.0,15750.0,27125.0
2026-04-29 20:30:00,470.0,465.1,2026-04-29,350,350,41125.0,15750.0,25375.0
2026-04-29 20:45:00,450.0,459.78,2026-04-29,350,350,39375.0,15750.0,23625.0
2026-04-29 21:00:00,440.0,456.3,2026-04-29,350,350,38500.0,15750.0,22750.0
2026-04-29 21:15:00,430.0,447.622,2026-04-29,350,350,37625.0,15750.0,21875.0
2026-04-29 21:30:00,420.0,423.97,2026-04-29,350,350,36750.0,15750.0,21000.0
2026-04-29 21:45:00,420.0,419.84,2026-04-29,300,300,31500.0,13500.0,18000.0
2026-04-29 22:00:00,410.0,417.27,2026-04-29,300,300,30750.0,13500.0,17250.0
2026-04-29 22:15:00,400.0,406.43,2026-04-29,300,300,30000.0,13500.0,16500.0
2026-04-29 22:30:00,400.0,393.81,2026-04-29,300,300,30000.0,13500.0,16500.0
2026-04-29 22:45:00,390.0,394.95,2026-04-29,300,300,29250.0,13500.0,15750.0
2026-04-29 23:00:00,382.0,384.1,2026-04-29,300,300,28650.0,13500.0,15150.0
2026-04-29 23:15:00,380.0,380.3482,2026-04-29,300,300,28500.0,13500.0,15000.0
2026-04-29 23:30:00,380.0,383.1104,2026-04-29,300,300,28500.0,13500.0,15000.0
2026-04-29 23:45:00,370.0,375.3399,2026-04-29,240,240,22200.0,10800.0,11400.0
2026-04-30 00:00:00,410.0,379.62,2026-04-30,240,240,24600.0,10800.0,13800.0
2026-04-30 00:15:00,400.0,392.7882000000001,2026-04-30,300,300,30000.0,13500.0,16500.0
2026-04-30 00:30:00,400.0,395.05,2026-04-30,300,300,30000.0,13500.0,16500.0
2026-04-30 00:45:00,390.0,399.5776,2026-04-30,300,300,29250.0,13500.0,15750.0
2026-04-30 01:00:00,390.0,387.4176,2026-04-30,300,300,29250.0,13500.0,15750.0
2026-04-30 01:15:00,390.0,386.6718,2026-04-30,300,300,29250.0,13500.0,15750.0
2026-04-30 01:30:00,390.0,388.39,2026-04-30,300,300,29250.0,13500.0,15750.0
2026-04-30 01:45:00,390.0,389.21,2026-04-30,300,300,29250.0,13500.0,15750.0
2026-04-30 02:00:00,382.0,388.05,2026-04-30,300,300,28650.0,13500.0,15150.0
2026-04-30 02:15:00,380.0,379.2349,2026-04-30,240,240,22800.0,10800.0,12000.0
2026-04-30 02:30:00,380.0,381.2592,2026-04-30,300,300,28500.0,13500.0,15000.0
2026-04-30 02:45:00,380.0,374.81,2026-04-30,240,240,22800.0,10800.0,12000.0
2026-04-30 03:00:00,380.0,377.68,2026-04-30,240,240,22800.0,10800.0,12000.0
2026-04-30 03:15:00,370.0,377.02,2026-04-30,240,240,22200.0,10800.0,11400.0
2026-04-30 03:30:00,370.0,369.74,2026-04-30,240,240,22200.0,10800.0,11400.0
2026-04-30 03:45:00,370.0,367.99,2026-04-30,240,240,22200.0,10800.0,11400.0
2026-04-30 04:00:00,370.0,365.5017,2026-04-30,240,240,22200.0,10800.0,11400.0
2026-04-30 04:15:00,370.0,365.5425,2026-04-30,240,240,22200.0,10800.0,11400.0
2026-04-30 04:30:00,380.0,365.7275,2026-04-30,240,240,22800.0,10800.0,12000.0
2026-04-30 04:45:00,380.0,381.3789,2026-04-30,300,300,28500.0,13500.0,15000.0
2026-04-30 05:00:00,380.0,383.3,2026-04-30,300,300,28500.0,13500.0,15000.0
2026-04-30 05:15:00,382.0,383.22,2026-04-30,300,300,28650.0,13500.0,15150.0
2026-04-30 05:30:00,390.0,387.528,2026-04-30,300,300,29250.0,13500.0,15750.0
2026-04-30 05:45:00,390.0,394.7378,2026-04-30,300,300,29250.0,13500.0,15750.0
2026-04-30 06:00:00,390.0,390.854,2026-04-30,300,300,29250.0,13500.0,15750.0
2026-04-30 06:15:00,380.0,393.1240000000001,2026-04-30,300,300,28500.0,13500.0,15000.0
2026-04-30 06:30:00,370.0,371.6326,2026-04-30,240,240,22200.0,10800.0,11400.0
2026-04-30 06:45:00,370.0,369.2,2026-04-30,240,240,22200.0,10800.0,11400.0
2026-04-30 07:00:00,360.0,363.12,2026-04-30,240,240,21600.0,10800.0,10800.0
2026-04-30 07:15:00,344.0,356.97,2026-04-30,240,240,20640.0,10800.0,9840.0
2026-04-30 07:30:00,320.0,340.02,2026-04-30,240,240,19200.0,10800.0,8400.0
2026-04-30 07:45:00,300.0,299.37800000000004,2026-04-30,240,240,18000.0,10800.0,7200.0
2026-04-30 08:00:00,294.0,283.177,2026-04-30,240,240,17640.0,10800.0,6840.0
2026-04-30 08:15:00,290.0,252.0629,2026-04-30,120,180,13050.0,8100.0,4950.0
2026-04-30 08:30:00,280.0,264.87,2026-04-30,240,240,16800.0,10800.0,6000.0
2026-04-30 08:45:00,280.0,279.9235,2026-04-30,240,240,16800.0,10800.0,6000.0
2026-04-30 09:00:00,280.0,273.1508,2026-04-30,240,240,16800.0,10800.0,6000.0
2026-04-30 09:15:00,270.0,274.3273,2026-04-30,240,240,16200.0,10800.0,5400.0
2026-04-30 09:30:00,250.0,266.5228,2026-04-30,240,240,15000.0,10800.0,4200.0
2026-04-30 09:45:00,200.0,227.8994,2026-04-30,120,180,9000.0,8100.0,900.0
2026-04-30 10:00:00,0.0,122.72,2026-04-30,120,120,0.0,5400.0,-5400.0
2026-04-30 10:15:00,0.0,5.06,2026-04-30,120,120,0.0,5400.0,-5400.0
2026-04-30 10:30:00,0.0,0.0,2026-04-30,120,120,0.0,5400.0,-5400.0
2026-04-30 10:45:00,0.0,1.86,2026-04-30,120,120,0.0,5400.0,-5400.0
2026-04-30 11:00:00,256.0,100.42,2026-04-30,120,120,7680.0,5400.0,2280.0
2026-04-30 11:15:00,250.0,244.58,2026-04-30,120,120,7500.0,5400.0,2100.0
2026-04-30 11:30:00,223.0,240.57,2026-04-30,120,120,6690.0,5400.0,1290.0
2026-04-30 11:45:00,200.0,140.3955,2026-04-30,120,120,6000.0,5400.0,600.0
2026-04-30 12:00:00,250.0,156.81,2026-04-30,120,120,7500.0,5400.0,2100.0
2026-04-30 12:15:00,250.0,259.92,2026-04-30,120,120,7500.0,5400.0,2100.0
2026-04-30 12:30:00,250.0,251.52,2026-04-30,120,120,7500.0,5400.0,2100.0
2026-04-30 12:45:00,238.0,253.49,2026-04-30,120,120,7140.0,5400.0,1740.0
2026-04-30 13:00:00,0.0,211.3175,2026-04-30,120,120,0.0,5400.0,-5400.0
2026-04-30 13:15:00,0.0,95.8238,2026-04-30,120,120,0.0,5400.0,-5400.0
2026-04-30 13:30:00,0.0,6.24,2026-04-30,120,120,0.0,5400.0,-5400.0
2026-04-30 13:45:00,0.0,41.02,2026-04-30,120,120,0.0,5400.0,-5400.0
2026-04-30 14:00:00,150.0,134.19666666666666,2026-04-30,120,120,4500.0,5400.0,-900.0
2026-04-30 14:15:00,260.0,259.1411,2026-04-30,120,120,7800.0,5400.0,2400.0
2026-04-30 14:30:00,280.0,272.4053,2026-04-30,240,180,12600.0,8100.0,4500.0
2026-04-30 14:45:00,285.0,292.5462,2026-04-30,240,240,17100.0,10800.0,6300.0
2026-04-30 15:00:00,282.0,289.5147,2026-04-30,240,240,16920.0,10800.0,6120.0
2026-04-30 15:15:00,300.0,260.8445,2026-04-30,240,240,18000.0,10800.0,7200.0
2026-04-30 15:30:00,300.0,297.866,2026-04-30,240,240,18000.0,10800.0,7200.0
2026-04-30 15:45:00,320.0,309.3344,2026-04-30,240,240,19200.0,10800.0,8400.0
2026-04-30 16:00:00,346.0,342.3294,2026-04-30,240,240,20760.0,10800.0,9960.0
2026-04-30 16:15:00,354.0,352.1724,2026-04-30,240,240,21240.0,10800.0,10440.0
2026-04-30 16:30:00,370.0,360.783,2026-04-30,240,240,22200.0,10800.0,11400.0
2026-04-30 16:45:00,370.0,380.154,2026-04-30,300,300,27750.0,13500.0,14250.0
2026-04-30 17:00:00,370.0,374.4022000000001,2026-04-30,240,240,22200.0,10800.0,11400.0
2026-04-30 17:15:00,380.0,372.3369,2026-04-30,240,240,22800.0,10800.0,12000.0
2026-04-30 17:30:00,390.0,381.5613000000001,2026-04-30,300,300,29250.0,13500.0,15750.0
2026-04-30 17:45:00,400.0,398.7806,2026-04-30,300,300,30000.0,13500.0,16500.0
2026-04-30 18:00:00,410.0,403.3276,2026-04-30,300,300,30750.0,13500.0,17250.0
2026-04-30 18:15:00,410.0,410.5408999999999,2026-04-30,300,300,30750.0,13500.0,17250.0
2026-04-30 18:30:00,410.0,412.05,2026-04-30,300,300,30750.0,13500.0,17250.0
2026-04-30 18:45:00,415.0,410.7,2026-04-30,300,300,31125.0,13500.0,17625.0
2026-04-30 19:00:00,430.0,416.07,2026-04-30,300,300,32250.0,13500.0,18750.0
2026-04-30 19:15:00,440.0,435.05,2026-04-30,350,350,38500.0,15750.0,22750.0
2026-04-30 19:30:00,430.0,451.61,2026-04-30,350,350,37625.0,15750.0,21875.0
2026-04-30 19:45:00,430.0,429.15,2026-04-30,350,350,37625.0,15750.0,21875.0
2026-04-30 20:00:00,430.0,435.15,2026-04-30,350,350,37625.0,15750.0,21875.0
2026-04-30 20:15:00,420.0,434.99,2026-04-30,350,350,36750.0,15750.0,21000.0
2026-04-30 20:30:00,413.0,421.19,2026-04-30,350,350,36137.5,15750.0,20387.5
2026-04-30 20:45:00,410.0,410.84,2026-04-30,300,300,30750.0,13500.0,17250.0
2026-04-30 21:00:00,410.0,406.73759999999993,2026-04-30,300,300,30750.0,13500.0,17250.0
2026-04-30 21:15:00,401.0,406.81,2026-04-30,300,300,30075.0,13500.0,16575.0
2026-04-30 21:30:00,401.0,397.7529,2026-04-30,300,300,30075.0,13500.0,16575.0
2026-04-30 21:45:00,400.0,400.857,2026-04-30,300,300,30000.0,13500.0,16500.0
2026-04-30 22:00:00,400.0,395.9044,2026-04-30,300,300,30000.0,13500.0,16500.0
2026-04-30 22:15:00,400.0,395.25,2026-04-30,300,300,30000.0,13500.0,16500.0
2026-04-30 22:30:00,390.0,393.88,2026-04-30,300,300,29250.0,13500.0,15750.0
2026-04-30 22:45:00,390.0,388.32520000000005,2026-04-30,300,300,29250.0,13500.0,15750.0
2026-04-30 23:00:00,390.0,385.92,2026-04-30,300,300,29250.0,13500.0,15750.0
2026-04-30 23:15:00,390.0,385.62,2026-04-30,300,300,29250.0,13500.0,15750.0
2026-04-30 23:30:00,390.0,389.4118,2026-04-30,300,300,29250.0,13500.0,15750.0
2026-04-30 23:45:00,380.0,388.96,2026-04-30,300,300,28500.0,13500.0,15000.0
